cohort,point_id,experiment,validation_accuracy,end_to_end_p50_ms,selected
skin,1,augmented,0.982,282.2758660004183,True
skin,2,original,0.973,283.30165099987425,False
web_skin,1,b0_224_ce,0.794,283.168164000017,False
web_skin,2,b0_256_ce,0.796,282.837166999343,False
web_skin,3,b0_256_focal15,0.792,283.00719549997666,False
web_skin,4,b0_256_ls005,0.794,282.8653600004145,False
web_skin,5,b1_256_ls005,0.796,398.73409049960173,False
web_skin,6,mixstyle_b0_256_ce_seed_42,0.806,283.4444615000393,False
web_skin,7,pmg_b0_256_ce_seed_42,0.85,304.2439384998943,True
web_skin,8,wsdan_b0_256_ce_seed_42,0.764,582.8272369999468,False
web_skin,9,pmg_b1_384_ce_seed_42,0.866,419.9053944998923,False
web_skin,10,medsiglip_448_frozen_linear_seed_42,0.824,41.58131949998278,False
hair5,1,baseline_b1_256_seed_42,0.7755591054313099,399.0923975006808,False
hair5,2,supcon_b1_256_seed_42,0.7915335463258786,398.9703649999683,False
hair5,3,dinov2_small_224_seed_42,0.7699680511182109,232.0108845001414,False
hair5,4,efficientnetv2s_256_seed_42,0.7691693290734825,593.1725049999841,False
hair5,5,multires_b1_384_seed_42,0.7963258785942492,407.29406550008207,True
hair5,6,sam_b1_384_seed_42,0.7963258785942492,411.79105699984575,False
hair5,7,medsiglip_448_frozen_linear_seed_42,0.7699680511182109,42.624430999694596,False
hair5,8,clean_two_stage_20260907_061005,0.7643769979476929,289.16113800005405,False
hair5,9,clean_256_two_stage_20260907_064214,0.7699680328369141,284.1173634997176,False
hair5,10,clean_256_label_smoothing_005_20260907_103757,0.7739616632461548,285.96426700005395,False
hair5,11,clean_256_focal_gamma_15_20260907_105525,0.7675718665122986,285.31725099946925,False
hair5,12,clean_256_efficientnetb1_ls005_20260907_111711,0.7763578295707703,402.21990750023906,False
hair6,1,b0_256_augmented,0.7777777777777778,288.73898249958074,True
hair6,2,b0_256_original,0.7693486590038314,289.9315400004525,False
hair6,3,b1_384_augmented,0.7931034482758621,411.7176355002812,False
hair6,4,b1_384_original,0.7992337164750958,409.83297050024703,True
