domain,method,validation_accuracy,validation_macro_f1,test_accuracy,test_macro_f1,decision,source
hair5,comparison_baseline_B1_256,0.7755591054313099,0.7746028470442391,,,baseline,results/hair/experiments/supcon_compare_20260917_120447_38d75491/baseline_b1_256_seed_42/attempt_aa973dc2aa8b/validation_metrics.json
hair5,SupCon_B1_256,0.7915335463258786,0.7910880666407202,,,not selected,results/hair/experiments/supcon_compare_20260917_120447_38d75491/supcon_b1_256_seed_42/attempt_2fae80f3ccea/validation_metrics.json
hair5,DINOv2_small_224_frozen,0.7699680511182109,0.7705341251195019,,,not selected,results/hair/experiments/paper_screen_20260917_141641_874f03f1/dinov2_small_224_seed_42/attempt_9726f449c438/validation_metrics.json
hair5,EfficientNetV2S_256,0.7691693290734825,0.7681559382466019,,,not selected,results/hair/experiments/paper_screen_20260917_141641_874f03f1/efficientnetv2s_256_seed_42/attempt_73db691cfda2/validation_metrics.json
hair5,B1_384_LS005_Adam,0.7963258785942492,0.7957146810115047,0.8003194888178914,0.8002222282821301,selected v2,results/hair/experiments/paper_screen_20260917_141641_874f03f1/multires_b1_384_seed_42/attempt_f106b7cc7ee9/validation_metrics.json
hair5,B1_384_SAM,0.7963258785942492,0.7954748920799393,,,not selected,results/hair/experiments/sam_screen_20260921_145602_a5e8c406/sam_b1_384_seed_42/attempt_d19683927f25/validation_metrics.json
hair5,SupCon_B1_384_equal_ensemble,0.7947284345047924,0.7942285283566071,,,not selected,results/hair/experiments/candidate_comparison_20260921/candidate_complementarity_summary.json
hair5,MedSigLIP_448_frozen_linear,0.7699680511182109,0.7687534259685547,,,not selected,results/hair/experiments/hair_medsiglip_linear_20260924_081708_9479fbb4/validation_metrics.json
web_skin,B0_256_CE_existing_v1,0.796,0.7915394647566528,0.8825,0.8813822927981046,historical baseline,results/web_skin/experiments/suite_20260908_014452_72768a42/b0_256_ce/attempt_8977c45d04bc/validation_metrics.json
web_skin,WS_DAN_adaptation,0.764,0.7546949301321499,,,not selected,results/web_skin/experiments/web_skin_paper_suite_20260922_124758_717b465e/wsdan_b0_256_ce_seed_42/attempt_ae677848ea00/validation_metrics.json
web_skin,PMG_B0_256,0.85,0.8473279632397033,0.915,0.9141049081029712,selected v2,results/web_skin/experiments/web_skin_paper_suite_20260922_124758_717b465e/pmg_b0_256_ce_seed_42/attempt_a8364775fcb8/validation_metrics.json
web_skin,MixStyle,0.806,0.8033767539683495,,,not selected,results/web_skin/experiments/web_skin_paper_suite_20260922_124758_717b465e/mixstyle_b0_256_ce_seed_42/attempt_56b03df8d85e/validation_metrics.json
web_skin,PMG_B1_384,0.866,0.8643216544321994,,,research validation leader; not deployed,results/web_skin/experiments/web_skin_pmg_b1_384_20260922_144631_ac7e5c8b/pmg_b1_384_ce_seed_42/attempt_46ccdb012543/validation_metrics.json
web_skin,MedSigLIP_448_frozen_linear,0.824,0.8195774288599683,,,not selected,results/web_skin/experiments/web_skin_medsiglip_linear_20260924_072442_f7176e07/validation_metrics.json
