phase,file,source
1차,presentation/1차/시각자료/hair__initial_four_training_curves.png,results/hair/1_training/original/accuracy_curve.png + results/hair/1_training/original/loss_curve.png + results/hair/1_training/augmented/accuracy_curve.png + results/hair/1_training/augmented/loss_curve.png
1차,presentation/1차/시각자료/presentation_assets__02_initial_data_split.png,results/presentation_assets/02_initial_data_split.png
1차,presentation/1차/시각자료/presentation_assets__03_initial_augmentation_plan.png,results/presentation_assets/03_initial_augmentation_plan.png
1차,presentation/1차/시각자료/presentation_assets__04_initial_training_plan.png,results/presentation_assets/04_initial_training_plan.png
1차,presentation/1차/시각자료/presentation_assets__initial_skin_hair_data_selection.png,results/presentation_assets/initial_skin_hair_data_selection.png
1차,presentation/1차/시각자료/skin__initial_four_training_curves.png,results/skin/1_training/original/accuracy.png + results/skin/1_training/original/loss.png + results/skin/1_training/augmented/accuracy.png + results/skin/1_training/augmented/loss.png
1차,presentation/1차/시각자료/web_skin__initial_four_training_curves.png,results/web_skin/1_training/original/accuracy.png + results/web_skin/1_training/original/loss.png + results/web_skin/1_training/augmented/accuracy.png + results/web_skin/1_training/augmented/loss.png
2차,presentation/2차/시각자료/01_dataset_validation_overview.png,results/dataset_validation_presentation_20260914/01_dataset_validation_overview.png (동일 내용의 짧은 파일명 복사본)
2차,presentation/2차/시각자료/02_optimization_methods_explained.png,presentation/2차/내용.md + presentation/2차/최적화_실험표.csv + presentation/방법_논문_그림_설명.md
2차,presentation/2차/시각자료/02_transfer_learning_explained.png,presentation/2차/내용.md + src/mediflow_datasets/common_engine.py + EfficientNet 2019 + Keras transfer learning guide
2차,presentation/2차/시각자료/dataset_validation_presentation_20260914__01_dataset_validation_overview.png,results/dataset_validation_presentation_20260914/01_dataset_validation_overview.png
2차,presentation/2차/시각자료/dataset_validation_presentation_20260914__hair_dataset_cleanup.png,results/dataset_validation_presentation_20260914/hair_dataset_cleanup.png
2차,presentation/2차/시각자료/dataset_validation_presentation_20260914__skin_dataset_cleanup.png,results/dataset_validation_presentation_20260914/skin_dataset_cleanup.png
2차,presentation/2차/시각자료/presentation_20260914__hair_all_training_curves_comparison.png,results/hair/presentation_20260914/hair_all_training_curves_comparison.png
2차,presentation/2차/시각자료/presentation_20260914__hair_model_performance_dashboard.png,results/hair/presentation_20260914/hair_model_performance_dashboard.png
2차,presentation/2차/시각자료/presentation_20260914__skin_all_training_curves_comparison.png,results/skin/presentation_20260914/skin_all_training_curves_comparison.png
2차,presentation/2차/시각자료/presentation_20260914__skin_model_performance_dashboard.png,results/skin/presentation_20260914/skin_model_performance_dashboard.png
2차,presentation/2차/시각자료/presentation_20260914__web_skin_all_training_curves_comparison.png,results/web_skin/presentation_20260914/web_skin_all_training_curves_comparison.png
2차,presentation/2차/시각자료/presentation_20260914__web_skin_model_performance_dashboard.png,results/web_skin/presentation_20260914/web_skin_model_performance_dashboard.png
3차,presentation/3차/시각자료/03_hair_paper_methods_explained.png,presentation/3차/내용.md + presentation/3차/논문_실험표.csv + presentation/방법_논문_그림_설명.md
3차,presentation/3차/시각자료/03_web_skin_paper_methods_explained.png,presentation/3차/내용.md + presentation/3차/논문_실험표.csv + src/mediflow_datasets/web_skin_paper_suite.py + presentation/방법_논문_그림_설명.md
3차,presentation/3차/시각자료/hair5__all_paper_training_curves.png,results/hair/experiments/supcon_compare_20260917_120447_38d75491 + paper_screen_20260917_141641_874f03f1 + sam_screen_20260921_145602_a5e8c406 (각 실험 history JSON)
3차,presentation/3차/시각자료/hair5__paper_model_performance_dashboard.png,presentation/3차/논문_실험표.csv + 각 hair5 validation_metrics.json + candidate_complementarity_summary.json + results/hair/candidates/public_candidate_v2_b1_384_ls005_adam_20260921_155906_82311da4/final_test_metrics.json
3차,presentation/3차/시각자료/hair_medsiglip_linear_20260924_081708_9479fbb4__medsiglip_training_curves.png,results/hair/experiments/hair_medsiglip_linear_20260924_081708_9479fbb4/medsiglip_training_curves.png
3차,presentation/3차/시각자료/hair_medsiglip_linear_20260924_081708_9479fbb4__medsiglip_vs_hair_v2_validation.png,results/hair/experiments/hair_medsiglip_linear_20260924_081708_9479fbb4/medsiglip_vs_hair_v2_validation.png
3차,presentation/3차/시각자료/web_skin__all_paper_training_curves.png,results/web_skin/experiments/suite_20260908_014452_72768a42 + web_skin_paper_suite_20260922_124758_717b465e + web_skin_pmg_b1_384_20260922_144631_ac7e5c8b (각 실험 history JSON)
3차,presentation/3차/시각자료/web_skin__paper_model_performance_dashboard.png,presentation/3차/논문_실험표.csv + 각 web_skin validation_metrics.json + results/web_skin/candidates/public_candidate_v2_pmg_b0_256_ce_20260922_235840_093d10de/final_test_metrics.json
3차,presentation/3차/시각자료/web_skin_medsiglip_linear_20260924_072442_f7176e07__medsiglip_training_curves.png,results/web_skin/experiments/web_skin_medsiglip_linear_20260924_072442_f7176e07/medsiglip_training_curves.png
3차,presentation/3차/시각자료/web_skin_medsiglip_linear_20260924_072442_f7176e07__medsiglip_vs_pmg_validation.png,results/web_skin/experiments/web_skin_medsiglip_linear_20260924_072442_f7176e07/medsiglip_vs_pmg_validation.png
4차,presentation/4차/시각자료/04_accuracy_latency_tradeoff.png,"presentation/4차/시각자료_사용안내.md (linked original ZIP metrics, benchmark.json, environment.json, PUBLIC_MODEL_SELECTION_20260928.json)"
4차,presentation/4차/시각자료/04_all34_latency_comparison.png,"presentation/4차/시각자료_사용안내.md (linked original ZIP metrics, benchmark.json, environment.json, PUBLIC_MODEL_SELECTION_20260928.json)"
4차,presentation/4차/시각자료/04_hair6_model_performance_dashboard.png,"presentation/4차/시각자료_사용안내.md (linked original ZIP metrics, benchmark.json, environment.json, PUBLIC_MODEL_SELECTION_20260928.json)"
4차,presentation/4차/시각자료/04_runtime_metrics_explained.png,"presentation/4차/시각자료_사용안내.md (linked original ZIP metrics, benchmark.json, environment.json, PUBLIC_MODEL_SELECTION_20260928.json)"
4차,presentation/4차/시각자료/04_selected_models_runtime_cost.png,"presentation/4차/시각자료_사용안내.md (linked original ZIP metrics, benchmark.json, environment.json, PUBLIC_MODEL_SELECTION_20260928.json)"
4차,presentation/4차/시각자료/hair6__four_training_curves.png,results/hair/archives/hair_six_class_four_20260928_011824_ad21e8ae_reports.zip!hair_six_class_four_20260928_011824_ad21e8ae/four_training_curves.png
4차,presentation/4차/시각자료/runtime_benchmark_20260928_051423__hair5_dashboard.png,results/runtime_benchmark_20260928_051423/hair5_dashboard.png
4차,presentation/4차/시각자료/runtime_benchmark_20260928_051423__hair5_metrics_overview.png,results/runtime_benchmark_20260928_051423/hair5_metrics_overview.png
4차,presentation/4차/시각자료/runtime_benchmark_20260928_051423__hair5_tradeoff.png,results/runtime_benchmark_20260928_051423/hair5_tradeoff.png
4차,presentation/4차/시각자료/runtime_benchmark_20260928_051423__hair6_dashboard.png,results/runtime_benchmark_20260928_051423/hair6_dashboard.png
4차,presentation/4차/시각자료/runtime_benchmark_20260928_051423__hair6_metrics_overview.png,results/runtime_benchmark_20260928_051423/hair6_metrics_overview.png
4차,presentation/4차/시각자료/runtime_benchmark_20260928_051423__hair6_tradeoff.png,results/runtime_benchmark_20260928_051423/hair6_tradeoff.png
4차,presentation/4차/시각자료/runtime_benchmark_20260928_051423__skin_dashboard.png,results/runtime_benchmark_20260928_051423/skin_dashboard.png
4차,presentation/4차/시각자료/runtime_benchmark_20260928_051423__skin_metrics_overview.png,results/runtime_benchmark_20260928_051423/skin_metrics_overview.png
4차,presentation/4차/시각자료/runtime_benchmark_20260928_051423__skin_tradeoff.png,results/runtime_benchmark_20260928_051423/skin_tradeoff.png
4차,presentation/4차/시각자료/runtime_benchmark_20260928_051423__web_skin_dashboard.png,results/runtime_benchmark_20260928_051423/web_skin_dashboard.png
4차,presentation/4차/시각자료/runtime_benchmark_20260928_051423__web_skin_metrics_overview.png,results/runtime_benchmark_20260928_051423/web_skin_metrics_overview.png
4차,presentation/4차/시각자료/runtime_benchmark_20260928_051423__web_skin_tradeoff.png,results/runtime_benchmark_20260928_051423/web_skin_tradeoff.png
