archive_identical_copies,checkpoint_bytes,class_count,cohort,crop_threshold,end_to_end_mean_ms,end_to_end_p50_ms,end_to_end_p95_ms,experiment,input_size,load_seconds,model_kind,model_mean_ms,model_p50_ms,model_p95_ms,model_path,model_sha256,parameter_bytes_loaded,parameter_count,source_record,status,training_seconds,validation_accuracy,validation_macro_f1
,17198406,10,skin,,282.0610093667104,282.2758660004183,287.72185900015756,augmented,224,5.706776064999758,keras,278.7669153999256,278.52138500020374,285.0569740003266,/content/drive/MyDrive/mediflow_Project/2_results/skin/comparison_20260909_075056_72d865bf/augmented/attempt_a8fb453e2ae4/stage1_best.keras,,16249528,4062381,/content/drive/MyDrive/mediflow_Project/2_results/skin/comparison_20260909_075056_72d865bf/augmented/completed.json,measured,268.81120826899996,0.982,0.9820008885656606
,17198406,10,skin,,284.34927416674327,283.30165099987425,288.6078309993536,original,224,4.548617719000504,keras,279.914844966576,279.99322749974453,282.6892079992831,/content/drive/MyDrive/mediflow_Project/2_results/skin/comparison_20260909_075056_72d865bf/original/attempt_619032bceced/stage1_best.keras,,16249528,4062381,/content/drive/MyDrive/mediflow_Project/2_results/skin/comparison_20260909_075056_72d865bf/original/completed.json,measured,213.11485821299993,0.973,0.9730455448862949
,28989670,5,web_skin,,284.1053001333421,283.168164000017,290.3977740006667,b0_224_ce,224,5.364051412000663,keras,279.84533509995043,278.9212059997226,284.5416269992711,/content/drive/MyDrive/mediflow_Project/2_results/web_skin/suite_20260908_014452_72768a42/b0_224_ce/attempt_791bba21726f/stage2_best.keras,,16223908,4055976,/content/drive/MyDrive/mediflow_Project/2_results/web_skin/suite_20260908_014452_72768a42/b0_224_ce/completed.json,measured,553.4417624729999,0.794,0.7917009497301795
,28989670,5,web_skin,,283.5141003332562,282.837166999343,288.0359379996662,b0_256_ce,256,5.158707157000208,keras,279.23750999995417,279.39444549974723,284.08648899949185,/content/drive/MyDrive/mediflow_Project/2_results/web_skin/suite_20260908_014452_72768a42/b0_256_ce/attempt_8977c45d04bc/stage2_best.keras,,16223908,4055976,/content/drive/MyDrive/mediflow_Project/2_results/web_skin/suite_20260908_014452_72768a42/b0_256_ce/completed.json,measured,550.6528598040002,0.796,0.7915394647566528
,28989709,5,web_skin,,284.0452975333089,283.00719549997666,288.83713300001546,b0_256_focal15,256,5.000647949999802,keras,279.54758166673247,278.8511650005603,285.82853999978397,/content/drive/MyDrive/mediflow_Project/2_results/web_skin/suite_20260908_014452_72768a42/b0_256_focal15/attempt_d907057c02c1/stage2_best.keras,,16223908,4055976,/content/drive/MyDrive/mediflow_Project/2_results/web_skin/suite_20260908_014452_72768a42/b0_256_focal15/completed.json,measured,518.65045697,0.792,0.7898148816790076
,28989671,5,web_skin,,285.2669294334798,282.8653600004145,300.1139890002378,b0_256_ls005,256,4.935974005000389,keras,278.9233449666426,277.82265200039546,287.1494270002586,/content/drive/MyDrive/mediflow_Project/2_results/web_skin/suite_20260908_014452_72768a42/b0_256_ls005/attempt_b72ec0046438/stage2_best.keras,,16223908,4055976,/content/drive/MyDrive/mediflow_Project/2_results/web_skin/suite_20260908_014452_72768a42/b0_256_ls005/completed.json,measured,515.9722539279999,0.794,0.7892883497449976
,47218934,5,web_skin,,398.64106753329906,398.73409049960173,406.2568460003604,b1_256_ls005,256,5.189410425999995,keras,392.38415883331373,393.0052970003999,398.5089420002623,/content/drive/MyDrive/mediflow_Project/2_results/web_skin/suite_20260908_014452_72768a42/b1_256_ls005/attempt_5973faec261e/stage2_best.keras,,26326580,6581644,/content/drive/MyDrive/mediflow_Project/2_results/web_skin/suite_20260908_014452_72768a42/b1_256_ls005/completed.json,measured,569.2661202260001,0.796,0.7931535064807589
,28996743,5,web_skin,,284.1688358999515,283.4444615000393,289.81154800021613,mixstyle_b0_256_ce_seed_42,256,5.250752919999286,keras,279.4613452000097,278.487740500168,293.8074960002268,/content/drive/MyDrive/mediflow_Project/2_results/web_skin/web_skin_paper_suite_20260922_124758_717b465e/mixstyle_b0_256_ce_seed_42/attempt_56b03df8d85e/stage2_best.keras,,16223908,4055976,/content/drive/MyDrive/mediflow_Project/2_results/web_skin/web_skin_paper_suite_20260922_124758_717b465e/mixstyle_b0_256_ce_seed_42/completed.json,measured,492.14842274700004,0.806,0.8033767539683495
,36377179,5,web_skin,,304.1947416333642,304.2439384998943,308.3123600008548,pmg_b0_256_ce_seed_42,256,4.78758389199993,keras,299.8704615999183,299.6281114997146,305.0656199993682,/content/drive/MyDrive/mediflow_Project/2_results/web_skin/web_skin_paper_suite_20260922_124758_717b465e/pmg_b0_256_ce_seed_42/attempt_a8364775fcb8/stage2_best.keras,,35489504,8872375,/content/drive/MyDrive/mediflow_Project/2_results/web_skin/web_skin_paper_suite_20260922_124758_717b465e/pmg_b0_256_ce_seed_42/completed.json,measured,983.6290964949999,0.85,0.8473279632397033
,17281082,5,web_skin,0.5,583.4465760333236,582.8272369999468,592.6690890000827,wsdan_b0_256_ce_seed_42,256,6.244902330999139,keras,578.9636001666926,580.8215079996444,587.9048690003401,/content/drive/MyDrive/mediflow_Project/2_results/web_skin/web_skin_paper_suite_20260922_124758_717b465e/wsdan_b0_256_ce_seed_42/attempt_ae677848ea00/stage2_best.keras,,16444100,4111024,/content/drive/MyDrive/mediflow_Project/2_results/web_skin/web_skin_paper_suite_20260922_124758_717b465e/wsdan_b0_256_ce_seed_42/completed.json,measured,754.3477817380001,0.764,0.7546949301321499
,46828176,5,web_skin,,419.1837856999882,419.9053944998923,426.44243799986725,pmg_b1_384_ce_seed_42,384,6.446178604000124,keras,413.23325410000206,412.77935200014326,423.12898199998017,/content/drive/MyDrive/mediflow_Project/2_results/web_skin/web_skin_pmg_b1_384_20260922_144631_ac7e5c8b/pmg_b1_384_ce_seed_42/attempt_46ccdb012543/stage2_best.keras,,45592176,11398043,/content/drive/MyDrive/mediflow_Project/2_results/web_skin/web_skin_pmg_b1_384_20260922_144631_ac7e5c8b/pmg_b1_384_ce_seed_42/completed.json,measured,2453.2392815050002,0.866,0.8643216544321994
,47218934,5,hair5,,399.88773516667305,399.0923975006808,403.3307170002445,baseline_b1_256_seed_42,256,5.998116711999501,keras,395.95729316664193,394.1607399997338,404.3740469996919,/content/drive/MyDrive/mediflow_Project/2_results/hair/supcon_compare_20260917_120447_38d75491/baseline_b1_256_seed_42/attempt_aa973dc2aa8b/stage2_best.keras,,26326580,6581644,/content/drive/MyDrive/mediflow_Project/2_results/hair/supcon_compare_20260917_120447_38d75491/baseline_b1_256_seed_42/completed.json,measured,535.2451443790001,0.7755591054313099,0.7746028470442391
,47236989,5,hair5,,400.7476843333582,398.9703649999683,410.0395479999861,supcon_b1_256_seed_42,256,5.475988810000672,keras,394.06533939994307,393.5555079997357,402.6198520004982,/content/drive/MyDrive/mediflow_Project/2_results/hair/supcon_compare_20260917_120447_38d75491/supcon_b1_256_seed_42/attempt_2fae80f3ccea/classifier_best.keras,,26326580,6581644,/content/drive/MyDrive/mediflow_Project/2_results/hair/supcon_compare_20260917_120447_38d75491/supcon_b1_256_seed_42/completed.json,measured,704.768204991,0.7915335463258786,0.7910880666407202
,89222503,5,hair5,,231.68556903328863,232.0108845001414,236.6644579997228,dinov2_small_224_seed_42,224,11.718981471999541,keras,227.74440549992505,227.8015764995871,235.91649399986636,/content/drive/MyDrive/mediflow_Project/2_results/hair/paper_screen_20260917_141641_874f03f1/dinov2_small_224_seed_42/attempt_9726f449c438/linear_probe_best.keras,,88633364,22158341,/content/drive/MyDrive/mediflow_Project/2_results/hair/paper_screen_20260917_141641_874f03f1/dinov2_small_224_seed_42/completed.json,measured,504.30501069499996,0.7699680511182109,0.7705341251195019
,98636270,5,hair5,,594.8566244000176,593.1725049999841,608.2436209999287,efficientnetv2s_256_seed_42,256,8.93521729800068,keras,588.4400130665805,587.6571274993694,601.4156139999614,/content/drive/MyDrive/mediflow_Project/2_results/hair/paper_screen_20260917_141641_874f03f1/efficientnetv2s_256_seed_42/attempt_73db691cfda2/stage2_best.keras,,81351060,20337765,/content/drive/MyDrive/mediflow_Project/2_results/hair/paper_screen_20260917_141641_874f03f1/efficientnetv2s_256_seed_42/completed.json,measured,704.8830730919999,0.7691693290734825,0.7681559382466019
,47219220,5,hair5,,407.54567116664475,407.29406550008207,416.95755700038717,multires_b1_384_seed_42,384,5.782315978000042,keras,402.28448139993515,402.7017004996196,411.56308599965996,/content/drive/MyDrive/mediflow_Project/2_results/hair/paper_screen_20260917_141641_874f03f1/multires_b1_384_seed_42/attempt_f106b7cc7ee9/stage2_best.keras,,26326580,6581644,/content/drive/MyDrive/mediflow_Project/2_results/hair/paper_screen_20260917_141641_874f03f1/multires_b1_384_seed_42/completed.json,measured,773.3170999580002,0.7963258785942492,0.7957146810115047
,27507790,5,hair5,,413.65404093330653,411.79105699984575,423.1484649999402,sam_b1_384_seed_42,384,5.597188466999796,keras,407.59625006664163,406.1226455000906,419.4851160000326,/content/drive/MyDrive/mediflow_Project/2_results/hair/sam_screen_20260921_145602_a5e8c406/sam_b1_384_seed_42/attempt_d19683927f25/sam_best.keras,,26326580,6581644,/content/drive/MyDrive/mediflow_Project/2_results/hair/sam_screen_20260921_145602_a5e8c406/sam_b1_384_seed_42/completed.json,measured,954.794213444,0.7963258785942492,0.7954748920799393
,29005042,6,hair6,,288.9366119999674,288.73898249958074,296.42769299971405,b0_256_augmented,256,3.90990051100016,keras,286.05069976674713,284.27343900057167,297.2344379995775,/content/drive/MyDrive/mediflow_Project/2_results/hair/hair_six_class_four_20260928_011824_ad21e8ae/b0_256_augmented/attempt_f06051eb5c91/stage2_best.keras,,16229032,4057257,/content/drive/MyDrive/mediflow_Project/2_results/hair/hair_six_class_four_20260928_011824_ad21e8ae/b0_256_augmented/completed.json,measured,652.9102525090002,0.7777777777777778,0.7819142733310591
,29005042,6,hair6,,290.645350900013,289.9315400004525,296.68624000078125,b0_256_original,256,4.0053136180004,keras,286.29910943336654,285.68670950016894,294.5561070000622,/content/drive/MyDrive/mediflow_Project/2_results/hair/hair_six_class_four_20260928_011824_ad21e8ae/b0_256_original/attempt_f0e1f197de28/stage2_best.keras,,16229032,4057257,/content/drive/MyDrive/mediflow_Project/2_results/hair/hair_six_class_four_20260928_011824_ad21e8ae/b0_256_original/completed.json,measured,481.5590983410011,0.7693486590038314,0.7729052037575177
,47234592,6,hair6,,411.59703700004684,411.7176355002812,425.6523759995616,b1_384_augmented,384,4.900404770000023,keras,403.49535163334923,403.54194049996295,411.6361289998167,/content/drive/MyDrive/mediflow_Project/2_results/hair/hair_six_class_four_20260928_011824_ad21e8ae/b1_384_augmented/attempt_be1ad3aae09b/stage2_best.keras,,26331704,6582925,/content/drive/MyDrive/mediflow_Project/2_results/hair/hair_six_class_four_20260928_011824_ad21e8ae/b1_384_augmented/completed.json,measured,1683.8028229350002,0.7931034482758621,0.8019837806385383
,47234592,6,hair6,,411.28307023339704,409.83297050024703,422.71190300016315,b1_384_original,384,4.854443915999582,keras,404.89316126659105,402.70948499983206,415.3863100000308,/content/drive/MyDrive/mediflow_Project/2_results/hair/hair_six_class_four_20260928_011824_ad21e8ae/b1_384_original/attempt_c1d2824ff848/stage2_best.keras,,26331704,6582925,/content/drive/MyDrive/mediflow_Project/2_results/hair/hair_six_class_four_20260928_011824_ad21e8ae/b1_384_original/completed.json,measured,1153.4809966860012,0.7992337164750958,0.8144942091318823
,25237,5,web_skin,,41.568971699962276,41.58131949998278,42.9517209995538,medsiglip_448_frozen_linear_seed_42,448,35.56603675600036,medsiglip,30.355149333293713,30.194478499652178,31.21413200005918,/content/drive/MyDrive/mediflow_Project/2_results/web_skin/web_skin_medsiglip_linear_20260924_072442_f7176e07/medsiglip_linear_head.pt,,1756623736,878306103,/content/drive/MyDrive/mediflow_Project/2_results/web_skin/web_skin_medsiglip_linear_20260924_072442_f7176e07/medsiglip_linear_completed.json,measured,640.596978215,0.824,0.8195774288599683
,25237,5,hair5,,42.46892276657187,42.624430999694596,43.64304099999572,medsiglip_448_frozen_linear_seed_42,448,5.155898218000402,medsiglip,30.8005290666794,30.804591000105574,31.78841199951421,/content/drive/MyDrive/mediflow_Project/2_results/hair/hair_medsiglip_linear_20260924_081708_9479fbb4/medsiglip_linear_head.pt,,1756623736,878306103,/content/drive/MyDrive/mediflow_Project/2_results/hair/hair_medsiglip_linear_20260924_081708_9479fbb4/medsiglip_linear_completed.json,measured,864.7777227419999,0.7699680511182109,0.7687534259685547
,28989469,5,hair5,,289.98689556671405,289.16113800005405,295.6324759998097,clean_two_stage_20260907_061005,224,5.719503455999984,keras,285.0317183666448,284.5921614998588,292.2795920003409,/content/drive/MyDrive/mediflow_Project/2_results/hair/clean_two_stage_20260907_061005/best_model.keras,,16223908,4055976,/content/drive/MyDrive/mediflow_Project/2_results/hair/clean_two_stage_20260907_061005/training_config.json,measured,,0.7643769979476929,
,28989469,5,hair5,,284.6849815333371,284.1173634997176,288.43583400066564,clean_256_two_stage_20260907_064214,256,4.358062798999526,keras,280.20370153335534,280.3848730000027,283.4805630000119,/content/drive/MyDrive/mediflow_Project/2_results/hair/clean_256_two_stage_20260907_064214/best_model.keras,,16223908,4055976,/content/drive/MyDrive/mediflow_Project/2_results/hair/clean_256_two_stage_20260907_064214/training_config.json,measured,,0.7699680328369141,
,28989671,5,hair5,,287.29022429994683,285.96426700005395,294.87293800048064,clean_256_label_smoothing_005_20260907_103757,256,4.734155330000249,keras,281.7180642002313,281.11966200003735,288.7608529999852,/content/drive/MyDrive/mediflow_Project/2_results/hair/clean_256_label_smoothing_005_20260907_103757/best_model.keras,,16223908,4055976,/content/drive/MyDrive/mediflow_Project/2_results/hair/clean_256_label_smoothing_005_20260907_103757/training_config.json,measured,,0.7739616632461548,
,28989709,5,hair5,,285.59494343320085,285.31725099946925,293.0438809999032,clean_256_focal_gamma_15_20260907_105525,256,4.167560156000036,keras,281.3543576666234,280.2120165006272,290.8300769995549,/content/drive/MyDrive/mediflow_Project/2_results/hair/clean_256_focal_gamma_15_20260907_105525/best_model.keras,,16223908,4055976,/content/drive/MyDrive/mediflow_Project/2_results/hair/clean_256_focal_gamma_15_20260907_105525/training_config.json,measured,,0.7675718665122986,
,47218934,5,hair5,,403.08390643343347,402.21990750023906,407.68200700040325,clean_256_efficientnetb1_ls005_20260907_111711,256,5.172005544000058,keras,399.24038566662904,398.1111345001409,407.2871650005254,/content/drive/MyDrive/mediflow_Project/2_results/hair/clean_256_efficientnetb1_ls005_20260907_111711/best_model.keras,,26326580,6581644,/content/drive/MyDrive/mediflow_Project/2_results/hair/clean_256_efficientnetb1_ls005_20260907_111711/training_config.json,measured,,0.7763578295707703,
1,17198205,10,skin,,285.6243107999641,285.7622220003577,291.5315729997019,initial_b0_224_original,224,2.3776672200001485,keras,281.5643522333933,281.75662200010265,290.31163600029686,/content/mediflow_benchmark_cache/skin/original.keras,1b146a6a53742226ec677865aa71bd842a28c9db9c3174b352dd8bc87270770b,16249528,4062381,/content/drive/MyDrive/mediflow_Project/1_results/skin_dataset_results.zip::original::skin_dataset/skin_model_results.zip::results_original/best_model.keras,measured,,0.9950000047683716,
1,17198245,10,skin,,286.4825390667041,286.2407785000869,292.55580399967585,initial_b0_224_augmented,224,2.320413354000266,keras,282.2541622334029,281.3745365001523,288.2232309993924,/content/mediflow_benchmark_cache/skin/augmented.keras,6d0c3d60fceebcd9299e6d79eef3266c4521906e92058b28f1841ec3535942bd,16249528,4062381,/content/drive/MyDrive/mediflow_Project/1_results/skin_dataset_results.zip::augmented::skin_dataset/skin_model_results.zip::results_augmented/best_model.keras,measured,,0.9950000047683716,
2,17121377,5,web_skin,,287.5459588000922,286.7334740003571,293.771482000011,initial_b0_224_original,224,2.34313180800018,keras,283.188858733259,282.21211699974447,291.94939299941325,/content/mediflow_benchmark_cache/web_skin/original.keras,11c5a160ddeb406c4e80802e38a372e90a0222c1dddf208e270676f795f177ae,16223908,4055976,/content/drive/MyDrive/mediflow_Project/1_results/web_skin_dataset_results.zip::original::web_skin_dataset/web_skin_training_results.zip::web_skin_training_results/original/best_model.keras,measured,,,
2,17121377,5,web_skin,,284.75278486666866,284.0328844999931,291.1365720001413,initial_b0_224_augmented,224,2.339843077000296,keras,280.3113815999495,279.89470049988086,285.79234200060455,/content/mediflow_benchmark_cache/web_skin/augmented.keras,3b05c59500c272600438026b758842728b21d2ad2ce376cb435f436d4167310f,16223908,4055976,/content/drive/MyDrive/mediflow_Project/1_results/web_skin_dataset_results.zip::augmented::web_skin_dataset/web_skin_training_results.zip::web_skin_training_results/augmented/best_model.keras,measured,,,
1,17121384,5,hair5,,287.3933865666307,286.9635219999509,292.9076079999504,initial_b0_224_original,224,2.3691638880000028,keras,283.50783899995804,282.28016150023905,289.73501899963594,/content/mediflow_benchmark_cache/hair5/original.keras,d1695bf35701dee5b5a7b4623d105009053afc800d3900e265de4607550e5771,16223908,4055976,/content/drive/MyDrive/mediflow_Project/1_results/hair_dataset_results.zip::original::hair_dataset/hair_model_results/original/best_model.keras,measured,,0.7062069177627563,
1,17121384,5,hair5,,286.0873485666768,285.75573550006084,294.32929900031013,initial_b0_224_augmented,224,2.361231857000348,keras,282.5800868332105,281.2883214996873,295.74016600054165,/content/mediflow_benchmark_cache/hair5/augmented.keras,324107bb1773e2f288b88985ebd81d07d1a8527a7e0963b3b964602d89042e68,16223908,4055976,/content/drive/MyDrive/mediflow_Project/1_results/hair_dataset_results.zip::augmented::hair_dataset/hair_model_results/augmented/best_model.keras,measured,,0.704827606678009,
