domain,experiment,validation_accuracy,validation_macro_f1,test_accuracy,test_macro_f1,selection_note
hair5,B0_224_CE,0.7643769979476929,,0.7763578274760383,0.7757408067550379,clean baseline
hair5,B0_256_CE,0.7699680328369141,,0.7891373801916933,0.7886477230068456,resolution
hair5,B0_256_LS005,0.7739616632461548,,0.786741214057508,0.7863134458429594,loss
hair5,B0_256_Focal15,0.7675718665122986,,0.7907348242811502,0.7905122039602036,loss
hair5,B1_256_LS005_stage2_10,0.7763578295707703,,0.7787539936102237,0.778812327205678,backbone
hair5,B1_256_LS005_stage2_15,0.7771565318107605,,0.7883386581469649,0.7885764577048346,selected v1
web_skin,B0_224_CE,0.794,0.7917009497301795,,,validation only
web_skin,B0_256_CE,0.796,0.7915394647566528,0.8825,0.8813822927981046,selected v1
web_skin,B0_256_LS005,0.794,0.7892883497449976,,,validation only
web_skin,B0_256_Focal15,0.792,0.7898148816790076,,,validation only
web_skin,B1_256_LS005,0.796,0.7931535064807589,,,same accuracy; predefined tie rule kept B0
web_skin,B1_256_LS005_plus5,0.796,0.7931535064807589,,,parent best retained
